id;type;message;status
1;Representative compress Missouri;Platinum;input Generic
2;Advanced Netherlands;SQL Tactics;Sharable
3;Ergonomic asymmetric;magenta pixel;Cambridgeshire Circles Guarani
4;Cotton;quantifying facilitate;web withdrawal
5;microchip;salmon;target blue Avon
6;Handmade Gloves Sleek;Electronics;Chicken deposit Dominican
7;e-business Investment Tasty;Supervisor digital;bypassing Incredible
8;indexing XSS 17(E.U.A.-17);Refined;Kroon Texas Cotton
9;Usability;schemas facilitate Tugrik;Tanzanian matrix Table
10;National;indexing;salmon
